Entreprise,Lien_3T2025
BH ASSURANCE,https://www.cmf.tn/?q=bh-assurance-3-eme-trimestre-2025
UNIMED,https://www.cmf.tn/?q=unimed-3-eme-trimestre-2025
AETECH,https://www.cmf.tn/?q=aetech-3-eme-trimestre-2025
AIR LIQUIDE TUNISIE,https://www.cmf.tn/?q=air-liquide-tunisie-3-eme-trimestre-2025
ALKIMIA,https://www.cmf.tn/?q=alkimia-3-eme-trimestre-2025
Amen Bank,https://www.cmf.tn/?q=amen-bank-3-eme-trimestre-2025
ARTES,https://www.cmf.tn/?q=artes-3-eme-trimestre-2025
ASSAD,https://www.cmf.tn/?q=assad-3-eme-trimestre-2025
ASSURANCES MAGHREBIA,https://www.cmf.tn/?q=assurances-maghrebia-3-eme-trimestre-2025
ASSURANCES MAGHREBIA VIE,https://www.cmf.tn/?q=assurances-maghrebia-vie-3-eme-trimestre-2025
ASTREE,https://www.cmf.tn/?q=astree-3-eme-trimestre-2025
ATBAT,https://www.cmf.tn/?q=atbat-3-eme-trimestre-2025
ATTIJARI BANK,https://www.cmf.tn/?q=attijari-bank-3-eme-trimestre-2025
ATTIJARI LEASING,https://www.cmf.tn/?q=attijari-leasing-3-eme-trimestre-2025
BEST LEASE,https://www.cmf.tn/?q=best-lease-3-eme-trimestre-2025
BH BANK,https://www.cmf.tn/?q=bh-bank-3-eme-trimestre-2025
BH LEASING,https://www.cmf.tn/?q=bh-leasing-3-eme-trimestre-2025
BIAT,https://www.cmf.tn/?q=biat-3-eme-trimestre-2025
BNA,https://www.cmf.tn/?q=bna-3-eme-trimestre-2025
BNA Assurances,https://www.cmf.tn/?q=bna-assurances-3-eme-trimestre-2025
BTBTE (ADP),https://www.cmf.tn/?q=btbte-adp-3-eme-trimestre-2025
CARTHAGE CEMENT,https://www.cmf.tn/?q=carthage-cement-3-eme-trimestre-2025
CELLCOM,https://www.cmf.tn/?q=cellcom-3-eme-trimestre-2025
CIL,https://www.cmf.tn/?q=cil-3-eme-trimestre-2025
CIMENTS DE BIZERTE,https://www.cmf.tn/?q=ciments-de-bizerte-3-eme-trimestre-2025
CITY CARS,https://www.cmf.tn/?q=city-cars-3-eme-trimestre-2025
DELICE HOLDING,https://www.cmf.tn/?q=delice-holding-3-eme-trimestre-2025
ENNAKL AUTOMOBILES,https://www.cmf.tn/?q=ennakl-automobiles-3-eme-trimestre-2025
ESSOUKNA,https://www.cmf.tn/?q=essoukna-3-eme-trimestre-2025
EURO-CYCLES,https://www.cmf.tn/?q=euro-cycles-3-eme-trimestre-2025
HANNIBAL LEASE,https://www.cmf.tn/?q=hannibal-lease-3-eme-trimestre-2025
ICF,https://www.cmf.tn/?q=icf-3-eme-trimestre-2025
LAND OR,https://www.cmf.tn/?q=land-or-3-eme-trimestre-2025
MAGASIN GENERAL,https://www.cmf.tn/?q=magasin-general-3-eme-trimestre-2025
MONOPRIX,https://www.cmf.tn/?q=monoprix-3-eme-trimestre-2025
MPBS,https://www.cmf.tn/?q=mpbs-3-eme-trimestre-2025
NEW BODY LINE,https://www.cmf.tn/?q=new-body-line-3-eme-trimestre-2025
OFFICE PLAST,https://www.cmf.tn/?q=office-plast-3-eme-trimestre-2025
ONE TECH HOLDING,https://www.cmf.tn/?q=one-tech-holding-3-eme-trimestre-2025
PLACEMENTS DE TUNISIE – SICAF,https://www.cmf.tn/?q=placements-de-tunisie-sicaf-3-eme-trimestre-2025
POULINA GROUP HOLDING,https://www.cmf.tn/?q=poulina-group-holding-3-eme-trimestre-2025
SAH,https://www.cmf.tn/?q=sah-3-eme-trimestre-2025
SAMS,https://www.cmf.tn/?q=sams-3-eme-trimestre-2025
SANIMEDS,https://www.cmf.tn/?q=sanimeds-3-eme-trimestre-2025
SFBT,https://www.cmf.tn/?q=sfbt-3-eme-trimestre-2025
SIAME,https://www.cmf.tn/?q=siame-3-eme-trimestre-2025
SIMPARS,https://www.cmf.tn/?q=simpars-3-eme-trimestre-2025
IPHAT,https://www.cmf.tn/?q=iphat-3-eme-trimestre-2025
SITSS,https://www.cmf.tn/?q=sitss-3-eme-trimestre-2025
SMART TUNISIE,https://www.cmf.tn/?q=smart-tunisie-3-eme-trimestre-2025
SOMOCER,https://www.cmf.tn/?q=somocer-3-eme-trimestre-2025
SOTEMAIL,https://www.cmf.tn/?q=sotemail-3-eme-trimestre-2025
SOTETEL,https://www.cmf.tn/?q=sotetel-3-eme-trimestre-2025
SOTIPAPIER,https://www.cmf.tn/?q=sotipapier-3-eme-trimestre-2025
SOTRAPIL,https://www.cmf.tn/?q=sotrapil-3-eme-trimestre-2025
SOTUMAG,https://www.cmf.tn/?q=sotumag-3-eme-trimestre-2025
SOTUVER,https://www.cmf.tn/?q=sotuver-3-eme-trimestre-2025
SPDIT-SICAF,https://www.cmf.tn/?q=spdit-sicaf-3-eme-trimestre-2025
STAR,https://www.cmf.tn/?q=star-3-eme-trimestre-2025
STB,https://www.cmf.tn/?q=stb-3-eme-trimestre-2025
STIP,https://www.cmf.tn/?q=stip-3-eme-trimestre-2025
Tawasol Group Holding,https://www.cmf.tn/?q=tawasol-group-holding-3-eme-trimestre-2025
TELNET HOLDING,https://www.cmf.tn/?q=telnet-holding-3-eme-trimestre-2025
TPR,https://www.cmf.tn/?q=tpr-3-eme-trimestre-2025
TUNINVEST-SICAR,https://www.cmf.tn/?q=tuninvest-sicar-3-eme-trimestre-2025
TUNIS RE,https://www.cmf.tn/?q=tunis-re-3-eme-trimestre-2025
TUNISAIR,https://www.cmf.tn/?q=tunisair-3-eme-trimestre-2025
TUNISIE LEASING ET FACTORING,https://www.cmf.tn/?q=tunisie-leasing-et-factoring-3-eme-trimestre-2025
TUNISIE VALEURS,https://www.cmf.tn/?q=tunisie-valeurs-3-eme-trimestre-2025
UADH,https://www.cmf.tn/?q=uadh-3-eme-trimestre-2025
UBCI,https://www.cmf.tn/?q=ubci-3-eme-trimestre-2025
UIB,https://www.cmf.tn/?q=uib-3-eme-trimestre-2025
WIFAK INTERNATIONAL BANK,https://www.cmf.tn/?q=wifak-international-bank-3-eme-trimestre-2025
